skills,domain
"python, pandas, numpy, keras, tensorflow, matplotlib",Data Science
"react, html, css, javascript, node.js, express",Web Development
"flutter, kotlin, android, dart, firebase",Android Development
"swift, xcode, ios, cocoa, objective-c",IOS Development
"figma, adobe xd, user experience, prototyping",UI-UX Development
"python, pandas, numpy, keras, tensorflow, matplotlib",Data Science
"react, html, css, javascript, node.js, express",Web Development
"flutter, kotlin, android, dart, firebase",Android Development
"swift, xcode, ios, cocoa, objective-c",IOS Development
"figma, adobe xd, user experience, prototyping",UI-UX Development
"python, pandas, numpy, keras, tensorflow, matplotlib",Data Science
"react, html, css, javascript, node.js, express",Web Development
"flutter, kotlin, android, dart, firebase",Android Development
"swift, xcode, ios, cocoa, objective-c",IOS Development
"figma, adobe xd, user experience, prototyping",UI-UX Development
"python, pandas, numpy, keras, tensorflow, matplotlib",Data Science
"react, html, css, javascript, node.js, express",Web Development
"flutter, kotlin, android, dart, firebase",Android Development
"swift, xcode, ios, cocoa, objective-c",IOS Development
"figma, adobe xd, user experience, prototyping",UI-UX Development
"python, pandas, numpy, keras, tensorflow, matplotlib",Data Science
"react, html, css, javascript, node.js, express",Web Development
"flutter, kotlin, android, dart, firebase",Android Development
"swift, xcode, ios, cocoa, objective-c",IOS Development
"figma, adobe xd, user experience, prototyping",UI-UX Development
"python, pandas, numpy, keras, tensorflow, matplotlib",Data Science
"react, html, css, javascript, node.js, express",Web Development
"flutter, kotlin, android, dart, firebase",Android Development
"swift, xcode, ios, cocoa, objective-c",IOS Development
"figma, adobe xd, user experience, prototyping",UI-UX Development
"python, pandas, numpy, keras, tensorflow, matplotlib",Data Science
"react, html, css, javascript, node.js, express",Web Development
"flutter, kotlin, android, dart, firebase",Android Development
"swift, xcode, ios, cocoa, objective-c",IOS Development
"figma, adobe xd, user experience, prototyping",UI-UX Development
"python, pandas, numpy, keras, tensorflow, matplotlib",Data Science
"react, html, css, javascript, node.js, express",Web Development
"flutter, kotlin, android, dart, firebase",Android Development
"swift, xcode, ios, cocoa, objective-c",IOS Development
"figma, adobe xd, user experience, prototyping",UI-UX Development
"python, pandas, numpy, keras, tensorflow, matplotlib",Data Science
"react, html, css, javascript, node.js, express",Web Development
"flutter, kotlin, android, dart, firebase",Android Development
"swift, xcode, ios, cocoa, objective-c",IOS Development
"figma, adobe xd, user experience, prototyping",UI-UX Development
"python, pandas, numpy, keras, tensorflow, matplotlib",Data Science
"react, html, css, javascript, node.js, express",Web Development
"flutter, kotlin, android, dart, firebase",Android Development
"swift, xcode, ios, cocoa, objective-c",IOS Development
"figma, adobe xd, user experience, prototyping",UI-UX Development
"python, pandas, numpy, keras, tensorflow, matplotlib",Data Science
"react, html, css, javascript, node.js, express",Web Development
"flutter, kotlin, android, dart, firebase",Android Development
"swift, xcode, ios, cocoa, objective-c",IOS Development
"figma, adobe xd, user experience, prototyping",UI-UX Development
"python, pandas, numpy, keras, tensorflow, matplotlib",Data Science
"react, html, css, javascript, node.js, express",Web Development
"flutter, kotlin, android, dart, firebase",Android Development
"swift, xcode, ios, cocoa, objective-c",IOS Development
"figma, adobe xd, user experience, prototyping",UI-UX Development
"python, pandas, numpy, keras, tensorflow, matplotlib",Data Science
"react, html, css, javascript, node.js, express",Web Development
"flutter, kotlin, android, dart, firebase",Android Development
"swift, xcode, ios, cocoa, objective-c",IOS Development
"figma, adobe xd, user experience, prototyping",UI-UX Development
"python, pandas, numpy, keras, tensorflow, matplotlib",Data Science
"react, html, css, javascript, node.js, express",Web Development
"flutter, kotlin, android, dart, firebase",Android Development
"swift, xcode, ios, cocoa, objective-c",IOS Development
"figma, adobe xd, user experience, prototyping",UI-UX Development
"python, pandas, numpy, keras, tensorflow, matplotlib",Data Science
"react, html, css, javascript, node.js, express",Web Development
"flutter, kotlin, android, dart, firebase",Android Development
"swift, xcode, ios, cocoa, objective-c",IOS Development
"figma, adobe xd, user experience, prototyping",UI-UX Development
"python, pandas, numpy, keras, tensorflow, matplotlib",Data Science
"react, html, css, javascript, node.js, express",Web Development
"flutter, kotlin, android, dart, firebase",Android Development
"swift, xcode, ios, cocoa, objective-c",IOS Development
"figma, adobe xd, user experience, prototyping",UI-UX Development
"python, pandas, numpy, keras, tensorflow, matplotlib",Data Science
"react, html, css, javascript, node.js, express",Web Development
"flutter, kotlin, android, dart, firebase",Android Development
"swift, xcode, ios, cocoa, objective-c",IOS Development
"figma, adobe xd, user experience, prototyping",UI-UX Development
"python, pandas, numpy, keras, tensorflow, matplotlib",Data Science
"react, html, css, javascript, node.js, express",Web Development
"flutter, kotlin, android, dart, firebase",Android Development
"swift, xcode, ios, cocoa, objective-c",IOS Development
"figma, adobe xd, user experience, prototyping",UI-UX Development
"python, pandas, numpy, keras, tensorflow, matplotlib",Data Science
"react, html, css, javascript, node.js, express",Web Development
"flutter, kotlin, android, dart, firebase",Android Development
"swift, xcode, ios, cocoa, objective-c",IOS Development
"figma, adobe xd, user experience, prototyping",UI-UX Development
"python, pandas, numpy, keras, tensorflow, matplotlib",Data Science
"react, html, css, javascript, node.js, express",Web Development
"flutter, kotlin, android, dart, firebase",Android Development
"swift, xcode, ios, cocoa, objective-c",IOS Development
"figma, adobe xd, user experience, prototyping",UI-UX Development
